<?xml version="1.0" encoding="UTF-8"?>
<!DOCTYPE hibernate-configuration PUBLIC
 "-//Hibernate/Hibernate Configuration DTD 3.0//EN"
"http://www.hibernate.org/dtd/hibernate-configuration-3.0.dtd">
<hibernate-configuration>
	<session-factory>
		<!-- Database connection settings -->
		<property name="connection.driver_class">com.mysql.jdbc.Driver</property>
		<property name="connection.url">jdbc:mysql://localhost/auto_ecole</property>
		<property name="connection.username">root</property>
		<property name="connection.password"></property>

		<!-- JDBC connection pool (use the built-in) -->
		<property name="connection.pool_size">1</property>
		
		<!-- SQL dialect -->
		<property name="dialect">org.hibernate.dialect.MySQLDialect</property>

		<!-- Enable Hibernate's automatic session context management -->
		<property name="current_session_context_class">thread</property>

		<!-- Disable the second-level cache -->
		<property name="cache.provider_class">org.hibernate.cache.NoCacheProvider</property>

		<!-- Echo all executed SQL to stdout -->
		<property name="show_sql">true</property>

		<!-- Drop and re-create the database schema on startup -->
		<property name="hbm2ddl.auto">update</property>

		<!-- Mapping files -->
		<mapping resource="com/model/Eleve.hbm.xml" />
		<mapping resource="com/model/Moniteur.hbm.xml" />
		<mapping resource="com/model/Vehicule.hbm.xml" />
		<mapping resource="com/model/Cd.hbm.xml" />
		<mapping resource="com/model/Lecon.hbm.xml" />
		<mapping resource="com/model/Examen.hbm.xml" />
		<mapping resource="com/model/Question.hbm.xml" />
		<mapping resource="com/model/Serie.hbm.xml" />
	    <mapping resource="com/model/Seance.hbm.xml" />
	    <mapping resource="com/model/Appartient.hbm.xml" />
	    <mapping resource="com/model/Inscrit.hbm.xml" />
	    <mapping resource="com/model/Assiste.hbm.xml" />
	</session-factory>

</hibernate-configuration>