<?xml version="1.0"?>
<!DOCTYPE hibernate-mapping PUBLIC "-//Hibernate/Hibernate Mapping DTD 3.0//EN"
"http://hibernate.sourceforge.net/hibernate-mapping-3.0.dtd">
<!-- Generated 1 f?vr. 2015 11:00:12 by Hibernate Tools 3.4.0.CR1 -->
<hibernate-mapping>
    <class name="com.model.Appartient" table="appartient" catalog="auto_ecole">
        <composite-id name="id" class="com.model.AppartientId">
            <key-property name="numq" type="int">
                <column name="numq" />
            </key-property>
            <key-property name="numcd" type="int">
                <column name="numcd" />
            </key-property>
            <key-property name="nums" type="int">
                <column name="nums" />
            </key-property>
        </composite-id>
        <property name="rang" type="java.lang.Integer">
            <column name="rang" />
        </property>
    </class>
</hibernate-mapping>
